{"train/loss": 7.4891, "train/learning_rate": 0.00019991996798719488, "train/epoch": 0.01, "train/global_step": 4, "_timestamp": 1689005256.607186, "_runtime": 1298.4288461208344, "_step": 145}