{"train/loss": 2.4151, "train/learning_rate": 0.00019991996798719488, "train/epoch": 0.01, "train/global_step": 4, "_timestamp": 1689005549.47744, "_runtime": 137.97357320785522, "_step": 3, "_wandb": {"runtime": 187}}