{"train/loss": 1.7305, "train/learning_rate": 0.0, "train/epoch": 0.0, "train/global_step": 10, "_timestamp": 1689001874.7032487, "_runtime": 83.29910373687744, "_step": 10, "train/train_runtime": 84.6075, "train/train_samples_per_second": 0.946, "train/train_steps_per_second": 0.118, "train/total_flos": 617014970449920.0, "train/train_loss": 2.5407627701759337, "_wandb": {"runtime": 698}}